URL,Error,Timestamp
https://www.healow.com/apps/provider/zainab-nawab-9219,404 Page Not Found,2026-08-07T11:26:25.865Z
https://www.healow.com/apps/provider/tghurgentcarepoweredbyfasttrack-downtownonwaterstreet-2045015,404 Page Not Found,2026-08-07T11:26:37.210Z
https://www.healow.com/apps/provider/terry-cone-2008,404 Page Not Found,2026-08-07T11:26:37.722Z
https://www.healow.com/apps/provider/regina-druz-71998,404 Page Not Found,2026-08-07T11:27:06.364Z
https://www.healow.com/apps/provider/marlene-jarin-36350,404 Page Not Found,2026-08-07T11:27:29.436Z
https://www.healow.com/apps/provider/henry%EF%BF%BDsardar%EF%BF%BD28018,404 Page Not Found,2026-08-07T11:27:59.561Z
https://www.healow.com/apps/provider/daniel-modarelli-10929,404 Page Not Found,2026-08-07T11:28:20.421Z
https://www.healow.com/apps/provider,404 Page Not Found,2026-08-07T11:28:54.549Z
https://health.healow.com/woodstockent,404 Page Not Found,2026-08-07T11:29:57.911Z
https://health.healow.com/vipcaregeorgia,404 Page Not Found,2026-08-07T11:31:01.394Z
https://payment.healow.com/,"page.goto: Timeout 35000ms exceeded.
Call log:
  - navigating to ""https://payment.healow.com/"", waiting until ""domcontentloaded""
",2026-08-07T11:31:23.942Z
https://health.healow.com/urgentology,404 Page Not Found,2026-08-07T11:31:27.831Z
https://health.healow.com/TulaneMedical,404 Page Not Found,2026-08-07T11:31:43.405Z
https://health.healow.com/sleephealth,404 Page Not Found,2026-08-07T11:33:23.927Z
https://health.healow.com/sierranevadaent,404 Page Not Found,2026-08-07T11:33:33.796Z
https://health.healow.com/sbrss,404 Page Not Found,2026-08-07T11:33:59.440Z
https://health.healow.com/salehendocrinology,404 Page Not Found,2026-08-07T11:34:10.986Z
https://health.healow.com/RFHC,404 Page Not Found,2026-08-07T11:34:43.673Z
https://health.healow.com/RetiefSkinCenter,404 Page Not Found,2026-08-07T11:34:44.927Z
https://health.healow.com/peoplesurgentcare,404 Page Not Found,2026-08-07T11:36:14.687Z
https://health.healow.com/PatientHealthPortal,404 Page Not Found,2026-08-07T11:36:32.549Z
https://health.healow.com/patelmedicalclinic,404 Page Not Found,2026-08-07T11:36:32.862Z
https://health.healow.com/paragonphp,404 Page Not Found,2026-08-07T11:36:36.683Z
https://health.healow.com/ossburbank,404 Page Not Found,2026-08-07T11:36:52.770Z
https://health.healow.com/omegapainmanagement,404 Page Not Found,2026-08-07T11:37:00.958Z
https://health.healow.com/njendos,404 Page Not Found,2026-08-07T11:37:44.924Z
https://health.healow.com/mymedecin,404 Page Not Found,2026-08-07T11:38:19.785Z
https://health.healow.com/MedTechllc,404 Page Not Found,2026-08-07T11:39:01.289Z
https://health.healow.com/mediceprimarycare,404 Page Not Found,2026-08-07T11:39:04.240Z
https://health.healow.com/Kunwar,404 Page Not Found,2026-08-07T11:40:12.126Z
https://health.healow.com/krccnet,404 Page Not Found,2026-08-07T11:40:13.954Z
https://health.healow.com/KarringGroup,404 Page Not Found,2026-08-07T11:40:42.254Z
https://health.healow.com/kargmancenter,404 Page Not Found,2026-08-07T11:40:43.534Z
https://health.healow.com/kaminhealth,404 Page Not Found,2026-08-07T11:40:47.304Z
https://health.healow.com/juncosneuro,404 Page Not Found,2026-08-07T11:40:47.963Z
https://health.healow.com/jpmcfc,404 Page Not Found,2026-08-07T11:40:49.248Z
https://health.healow.com/iregmed,404 Page Not Found,2026-08-07T11:41:14.130Z
https://health.healow.com/Invictus,404 Page Not Found,2026-08-07T11:41:16.126Z
https://health.healow.com/IdahoAllergyLLC,404 Page Not Found,2026-08-07T11:41:42.582Z
https://health.healow.com/hvspecialists,404 Page Not Found,2026-08-07T11:41:50.588Z
https://health.healow.com/HighMountainHealth,404 Page Not Found,2026-08-07T11:42:04.452Z
https://health.healow.com/healthsourcemed,404 Page Not Found,2026-08-07T11:42:14.419Z
https://health.healow.com/GalatiansFoundation,404 Page Not Found,2026-08-07T11:43:18.406Z
https://health.healow.com/fnsc,404 Page Not Found,2026-08-07T11:43:33.043Z
https://health.healow.com/firstchoiceprimary,404 Page Not Found,2026-08-07T11:43:49.758Z
https://health.healow.com/efpsa,404 Page Not Found,2026-08-07T11:44:46.718Z
https://health.healow.com/DrShenoyMD,404 Page Not Found,2026-08-07T11:45:04.370Z
https://health.healow.com/doctorctg,404 Page Not Found,2026-08-07T11:45:40.447Z
https://health.healow.com/dlpc,404 Page Not Found,2026-08-07T11:45:43.222Z
https://health.healow.com/DECO,404 Page Not Found,2026-08-07T11:46:01.416Z
https://health.healow.com/cvlofamerica,404 Page Not Found,2026-08-07T11:46:18.463Z
https://health.healow.com/CSSA,404 Page Not Found,2026-08-07T11:46:28.698Z
https://health.healow.com/clinicWH,404 Page Not Found,2026-08-07T11:47:14.313Z
https://health.healow.com/cincowestpediatrics,404 Page Not Found,2026-08-07T11:47:21.110Z
https://health.healow.com/Centralfoot,404 Page Not Found,2026-08-07T11:47:44.040Z
https://health.healow.com/ccim,404 Page Not Found,2026-08-07T11:47:49.047Z
https://health.healow.com/briandempseymd,404 Page Not Found,2026-08-07T11:48:31.593Z
https://health.healow.com/bhoraclinic,404 Page Not Found,2026-08-07T11:48:47.622Z
https://health.healow.com/bennulife,404 Page Not Found,2026-08-07T11:48:57.572Z
https://health.healow.com/benbrookneurology,404 Page Not Found,2026-08-07T11:48:58.932Z
https://health.healow.com/BayAreaTotalHealth,404 Page Not Found,2026-08-07T11:49:02.377Z
https://health.healow.com/AZIPC,404 Page Not Found,2026-08-07T11:49:06.753Z
https://health.healow.com/athomeboise,404 Page Not Found,2026-08-07T11:49:15.156Z
https://health.healow.com/almagastro,404 Page Not Found,2026-08-07T11:49:44.129Z
https://health.healow.com/alliedphysicians,404 Page Not Found,2026-08-07T11:49:47.819Z
https://health.healow.com/agapesurgicalasst,404 Page Not Found,2026-08-07T11:50:09.274Z
https://health.healow.com/AgapeMedicine,404 Page Not Found,2026-08-07T11:50:10.221Z
https://health.healow.com/aaaclinic,404 Page Not Found,2026-08-07T11:50:57.763Z
https://healow.com/apps/provider/vikram-jala-2669910,404 Page Not Found,2026-08-07T12:09:14.838Z
https://healow.com/apps/provider/varun-kommalapati-3634809,404 Page Not Found,2026-08-07T12:09:51.973Z
https://healow.com/apps/provider/tyson-quy-2876659,404 Page Not Found,2026-08-07T12:10:30.634Z
https://healow.com/apps/provider/tudor-scridon-2218191,404 Page Not Found,2026-08-07T12:10:35.067Z
https://healow.com/apps/provider/tina-lengauer-225182,404 Page Not Found,2026-08-07T12:11:13.200Z
https://healow.com/apps/provider/tiana-williams-2531959,404 Page Not Found,2026-08-07T12:11:42.278Z
https://healow.com/apps/provider/thomas-seeley-2753958,404 Page Not Found,2026-08-07T12:11:43.372Z
https://healow.com/apps/provider/temitope-ekwo-1466020,404 Page Not Found,2026-08-07T12:12:22.371Z
https://healow.com/apps/provider/taylor-mcdowell-3418824,404 Page Not Found,2026-08-07T12:12:28.708Z
https://healow.com/apps/provider/tara-elrod-3432783,404 Page Not Found,2026-08-07T12:12:37.595Z
https://healow.com/apps/provider/tania-hossin-3700918,404 Page Not Found,2026-08-07T12:12:42.905Z
https://healow.com/apps/provider/tamara-washington-3131422,404 Page Not Found,2026-08-07T12:12:56.153Z
https://healow.com/apps/provider/taesha-winford-2881420,404 Page Not Found,2026-08-07T12:13:05.358Z
https://healow.com/apps/provider/-syossetschooldistrictwoodbury-2462235,404 Page Not Found,2026-08-07T12:13:09.761Z
https://healow.com/apps/provider/swathanthra-melekote-930559,404 Page Not Found,2026-08-07T12:13:18.953Z
https://healow.com/apps/provider/suzanna-markstein-2707406,404 Page Not Found,2026-08-07T12:13:29.552Z
https://healow.com/apps/provider/sumalee-ryan-2448055,404 Page Not Found,2026-08-07T12:14:01.498Z
https://healow.com/apps/provider/subin-kim-3415881,404 Page Not Found,2026-08-07T12:14:14.275Z
https://healow.com/apps/provider/steven-macko-8627,404 Page Not Found,2026-08-07T12:14:31.594Z
https://healow.com/apps/provider/sonia-cajigal-605854,404 Page Not Found,2026-08-07T12:15:49.198Z
https://healow.com/apps/provider/sonam-patel-2775138,404 Page Not Found,2026-08-07T12:15:51.605Z
https://healow.com/apps/provider/sherrill-fox-147780,404 Page Not Found,2026-08-07T12:16:42.253Z
https://healow.com/apps/provider/shaunna-mason-1483315,404 Page Not Found,2026-08-07T12:17:11.612Z
https://healow.com/apps/provider/shari-ashton-2902717,404 Page Not Found,2026-08-07T12:17:22.132Z
https://healow.com/apps/provider/sarah-soscia-3211682,404 Page Not Found,2026-08-07T12:18:53.950Z
https://healow.com/apps/provider/sarah-norris-1809200,404 Page Not Found,2026-08-07T12:18:57.507Z
https://healow.com/apps/provider/samir-shah-13950,404 Page Not Found,2026-08-07T12:19:46.464Z
https://healow.com/apps/provider/samantha-casselman-2935206,404 Page Not Found,2026-08-07T12:19:59.551Z
https://healow.com/apps/provider/saba-khodadadian-1434304,404 Page Not Found,2026-08-07T12:20:20.492Z
https://healow.com/apps/provider/ryan-ouillette-3166204,404 Page Not Found,2026-08-07T12:20:28.694Z
https://healow.com/apps/provider/russell-stanley-1480789,404 Page Not Found,2026-08-07T12:20:47.179Z
https://healow.com/apps/provider/robert-katz-2761911,404 Page Not Found,2026-08-07T12:22:09.724Z
https://healow.com/apps/provider/robert-farber-1480786,404 Page Not Found,2026-08-07T12:22:17.021Z
https://healow.com/apps/provider/robert-castillo-1480784,404 Page Not Found,2026-08-07T12:22:18.756Z
https://healow.com/apps/provider/richard-perez-1461478,404 Page Not Found,2026-08-07T12:22:44.338Z
https://healow.com/apps/provider/rica-jester-1114536,404 Page Not Found,2026-08-07T12:23:02.970Z
https://healow.com/apps/provider/rhea-ramlal-837273,404 Page Not Found,2026-08-07T12:23:07.621Z
https://healow.com/apps/provider/regina-butler-3341261,404 Page Not Found,2026-08-07T12:23:23.448Z
https://healow.com/apps/provider/rebecca-lepage-1445266,404 Page Not Found,2026-08-07T12:23:31.047Z
https://healow.com/apps/provider/ramsey-markus-2915013,404 Page Not Found,2026-08-07T12:24:07.452Z
https://healow.com/apps/provider/rachel-villaneuva-3180657,404 Page Not Found,2026-08-07T12:24:40.930Z
https://healow.com/apps/provider/rachael-jennings-2018954,404 Page Not Found,2026-08-07T12:25:02.356Z
https://healow.com/apps/provider/preston-panicco-2134251,404 Page Not Found,2026-08-07T12:25:40.379Z
https://healow.com/apps/provider/plannedparenthood-yonkers-209151,404 Page Not Found,2026-08-07T12:26:04.375Z
https://healow.com/apps/provider/pinakin-pathak-78267,404 Page Not Found,2026-08-07T12:26:06.705Z
https://healow.com/apps/provider/paul-sykes-128684,404 Page Not Found,2026-08-07T12:26:47.567Z
https://healow.com/apps/provider/patrick-tucker-3842372,404 Page Not Found,2026-08-07T12:27:11.485Z
https://healow.com/apps/provider/patricia-kelly-10975,404 Page Not Found,2026-08-07T12:27:23.298Z
https://healow.com/apps/provider/patrice-harold-3909717,404 Page Not Found,2026-08-07T12:27:28.778Z
https://healow.com/apps/provider/pasadena-wisecareurgentcare-1424475,404 Page Not Found,2026-08-07T12:27:28.985Z
https://healow.com/apps/provider/olga-bulygina-1441681,404 Page Not Found,2026-08-07T12:28:33.490Z
https://healow.com/apps/provider/nidhi-sharoha-2418510,404 Page Not Found,2026-08-07T12:29:38.735Z
https://healow.com/apps/provider/nicole-tran-1466226,404 Page Not Found,2026-08-07T12:29:39.265Z
https://healow.com/apps/provider/navpreet-chattha-2136353,404 Page Not Found,2026-08-07T12:30:36.125Z
https://healow.com/apps/provider/natalie-rios-1433491,404 Page Not Found,2026-08-07T12:30:57.505Z
https://healow.com/apps/provider/nandor-kalli-87725,404 Page Not Found,2026-08-07T12:31:14.500Z
https://healow.com/apps/provider/nadia-falah-3554265,404 Page Not Found,2026-08-07T12:31:32.239Z
https://healow.com/apps/provider/mustafa-ahmed-3636028,404 Page Not Found,2026-08-07T12:31:42.238Z
https://healow.com/apps/provider/mostafa-ahmed-2873571,404 Page Not Found,2026-08-07T12:31:56.566Z
https://healow.com/apps/provider/moses-nnorom-3425741,404 Page Not Found,2026-08-07T12:31:59.042Z
https://healow.com/apps/provider/monica-woodall-823295,404 Page Not Found,2026-08-07T12:32:06.495Z
https://healow.com/apps/provider/mohammed-muqeem-14007,404 Page Not Found,2026-08-07T12:32:32.198Z
https://healow.com/apps/provider/militza-rivera-3330979,404 Page Not Found,2026-08-07T12:33:07.652Z
https://healow.com/apps/provider/mickey-omole-3279226,404 Page Not Found,2026-08-07T12:33:16.898Z
https://healow.com/apps/provider/michelle-lister-3630630,404 Page Not Found,2026-08-07T12:33:29.524Z
https://healow.com/apps/provider/michael-foreman-1433721,404 Page Not Found,2026-08-07T12:34:30.566Z
https://healow.com/apps/provider/mesk-alrais-2753847,404 Page Not Found,2026-08-07T12:34:54.910Z
https://healow.com/apps/provider/melissa-cahill-3439756,404 Page Not Found,2026-08-07T12:35:14.281Z
https://healow.com/apps/provider/megan-mcmillin-513932,404 Page Not Found,2026-08-07T12:35:35.354Z
https://healow.com/apps/provider/matthew-king-2515907,404 Page Not Found,2026-08-07T12:36:21.227Z
https://healow.com/apps/provider/matthew-griebie-2236503,404 Page Not Found,2026-08-07T12:36:28.773Z
https://healow.com/apps/provider/matthew-dowdy-61706,404 Page Not Found,2026-08-07T12:36:31.073Z
https://healow.com/apps/provider/marie-dibra-2914513,404 Page Not Found,2026-08-07T12:38:07.100Z
https://healow.com/apps/provider/marc-tribble-1482248,404 Page Not Found,2026-08-07T12:38:42.865Z
https://healow.com/apps/provider/marc-comianos-1106693,404 Page Not Found,2026-08-07T12:38:52.722Z
https://healow.com/apps/provider/mandy-yi-2539832,404 Page Not Found,2026-08-07T12:39:12.309Z
https://healow.com/apps/provider/madhulika-battu-2457725,404 Page Not Found,2026-08-07T12:39:51.714Z
https://healow.com/apps/provider/madeline-russell-2018092,404 Page Not Found,2026-08-07T12:39:53.085Z
https://healow.com/apps/provider/luce-solarisuprena-2602142,404 Page Not Found,2026-08-07T12:40:22.676Z
https://healow.com/apps/provider/lorna-stobbs-2662373,404 Page Not Found,2026-08-07T12:40:31.184Z
https://healow.com/apps/provider/lois-macdonnell-2847536,404 Page Not Found,2026-08-07T12:40:43.823Z
https://healow.com/apps/provider/lisset-jarquin-3193275,404 Page Not Found,2026-08-07T12:40:51.600Z
https://healow.com/apps/provider/lisa-maselli-1794148,404 Page Not Found,2026-08-07T12:41:03.210Z
https://healow.com/apps/provider/lina-fouad-3433084,404 Page Not Found,2026-08-07T12:41:23.154Z
https://healow.com/apps/provider/leah-elk-2818982,404 Page Not Found,2026-08-07T12:42:01.592Z
https://healow.com/apps/provider/lauren-mcmillan-1791187,404 Page Not Found,2026-08-07T12:42:22.569Z
https://healow.com/apps/provider/lauren-gibson-2104079,404 Page Not Found,2026-08-07T12:42:24.889Z
https://healow.com/apps/provider/latasha-steele-1557479,404 Page Not Found,2026-08-07T12:42:53.868Z
https://healow.com/apps/provider/kyle-stoeckmann-8605,404 Page Not Found,2026-08-07T12:43:16.682Z
https://healow.com/apps/provider/kylee-humphreys-2881068,404 Page Not Found,2026-08-07T12:43:18.916Z
https://healow.com/apps/provider/kwasi-debra-6494,404 Page Not Found,2026-08-07T12:43:21.148Z
https://healow.com/apps/provider/krystyna-wesp-1439495,404 Page Not Found,2026-08-07T12:43:27.454Z
https://healow.com/apps/provider/kristina-price-3130935,404 Page Not Found,2026-08-07T12:43:49.337Z
https://healow.com/apps/provider/kristen-kammerer-3555496,404 Page Not Found,2026-08-07T12:43:54.638Z
https://healow.com/apps/provider/kris-dinucci-94675,404 Page Not Found,2026-08-07T12:43:57.322Z
https://healow.com/apps/provider/kr-byju-2033648,404 Page Not Found,2026-08-07T12:44:01.069Z
https://healow.com/apps/provider/kismat-hirani-2582769,404 Page Not Found,2026-08-07T12:44:04.755Z
https://healow.com/apps/provider/kirk-prodzinski-2073968,404 Page Not Found,2026-08-07T12:44:10.804Z
https://healow.com/apps/provider/kimberly-seatonsmith-3698730,404 Page Not Found,2026-08-07T12:44:24.319Z
https://healow.com/apps/provider/-kidznowswscheduled-2412588,404 Page Not Found,2026-08-07T12:44:42.567Z
https://healow.com/apps/provider/kidznow-swschedule-2418709,404 Page Not Found,2026-08-07T12:44:43.202Z
https://healow.com/apps/provider/kelly-barikmo-1914094,404 Page Not Found,2026-08-07T12:46:04.080Z
https://healow.com/apps/provider/kathy-nafisi-2556899,404 Page Not Found,2026-08-07T12:46:40.384Z
https://healow.com/apps/provider/kathy-guidry-165226,404 Page Not Found,2026-08-07T12:46:41.135Z
https://healow.com/apps/provider/katelin-cashman-3562450,404 Page Not Found,2026-08-07T12:47:05.011Z
https://healow.com/apps/provider/kari-schwager-3416195,404 Page Not Found,2026-08-07T12:47:19.503Z
https://healow.com/apps/provider/karen-rabenmd-269623,404 Page Not Found,2026-08-07T12:47:28.518Z
https://healow.com/apps/provider/kamran-farahani-3609468,404 Page Not Found,2026-08-07T12:47:47.210Z
https://healow.com/apps/provider/jully-padam-3266295,404 Page Not Found,2026-08-07T12:48:11.120Z
https://healow.com/apps/provider/julie-hamilton-3330194,404 Page Not Found,2026-08-07T12:48:22.915Z
https://healow.com/apps/provider/julia-ouko-2808992,404 Page Not Found,2026-08-07T12:48:29.489Z
https://healow.com/apps/provider/julian-mcquirter-1318611,404 Page Not Found,2026-08-07T12:48:31.534Z
https://healow.com/apps/provider/joshua-young-3406171,404 Page Not Found,2026-08-07T12:48:55.771Z
https://healow.com/apps/provider/jose-romero-1453717,404 Page Not Found,2026-08-07T12:49:10.219Z
https://healow.com/apps/provider/joseph-schoeber-147782,404 Page Not Found,2026-08-07T12:49:19.127Z
https://healow.com/apps/provider/joseph-mickelson-102917,404 Page Not Found,2026-08-07T12:49:26.401Z
https://healow.com/apps/provider/jordan-tatton-1472252,404 Page Not Found,2026-08-07T12:49:59.288Z
https://healow.com/apps/provider/jordana-gilman-3343429,404 Page Not Found,2026-08-07T12:50:04.484Z
https://healow.com/apps/provider/john-karl-1484875,404 Page Not Found,2026-08-07T12:51:01.702Z
https://healow.com/apps/provider/john-beelitz-2514825,404 Page Not Found,2026-08-07T12:51:26.920Z
https://healow.com/apps/provider/joanna-chrostowski-2398631,404 Page Not Found,2026-08-07T12:51:49.371Z
https://healow.com/apps/provider/jingu-lee-2514778,404 Page Not Found,2026-08-07T12:51:55.562Z
https://healow.com/apps/provider/jesse-onyenekwe-1685761,404 Page Not Found,2026-08-07T12:52:39.167Z
https://healow.com/apps/provider/jerry-followwill-1317078,404 Page Not Found,2026-08-07T12:52:45.271Z
https://healow.com/apps/provider/jeeten-jamnadas-2825217,404 Page Not Found,2026-08-07T12:54:28.924Z
https://healow.com/apps/provider/jeanberlonge-pierre-1809565,404 Page Not Found,2026-08-07T12:54:34.228Z
https://healow.com/apps/provider/javier-bustamante-3179444?brand=coastal-kids,404 Page Not Found,2026-08-07T12:54:51.404Z
https://healow.com/apps/provider/jamie-evans-2418286,404 Page Not Found,2026-08-07T12:55:21.937Z
https://healow.com/apps/provider/jacob-majors-2662332,404 Page Not Found,2026-08-07T12:56:15.891Z
https://healow.com/apps/provider/jacob-caylor-2703474,404 Page Not Found,2026-08-07T12:56:21.670Z
https://healow.com/apps/provider/iyaeneomie-allen-3293174,404 Page Not Found,2026-08-07T12:56:33.725Z
https://healow.com/apps/provider/intermed-flu-2018591,404 Page Not Found,2026-08-07T12:56:57.316Z
https://healow.com/apps/provider/ifeanyi-nwokeabia-2727400,404 Page Not Found,2026-08-07T12:57:24.153Z
https://healow.com/apps/provider/ibrahim-elsheikh-2533059,404 Page Not Found,2026-08-07T12:57:26.430Z
https://healow.com/apps/provider/ian-goldberg-2611834,404 Page Not Found,2026-08-07T12:57:28.679Z
https://healow.com/apps/provider/hira-mirza-3134469,404 Page Not Found,2026-08-07T12:57:59.657Z
https://healow.com/apps/provider/hector-fabregas-1453834,404 Page Not Found,2026-08-07T12:58:37.484Z
https://healow.com/apps/provider/healthdepartment-washingtoncounty-3265285,404 Page Not Found,2026-08-07T12:58:53.267Z
https://healow.com/apps/provider/hapetnak-shaybekyan-3407383,404 Page Not Found,2026-08-07T12:59:21.676Z
https://healow.com/apps/provider/hannah-mehochko-2198026,404 Page Not Found,2026-08-07T12:59:23.261Z
https://healow.com/apps/provider/gregory-henson-2419000,404 Page Not Found,2026-08-07T13:00:13.230Z
https://healow.com/apps/provider/gavin-vanstaden-3167396,404 Page Not Found,2026-08-07T13:01:14.938Z
https://healow.com/apps/provider/frank-snow-3564964,404 Page Not Found,2026-08-07T13:01:44.879Z
https://healow.com/apps/provider/frank-fusco-191471,404 Page Not Found,2026-08-07T13:01:48.167Z
https://healow.com/apps/provider/fasttrackurgentcare-suncitycenter-1446172,404 Page Not Found,2026-08-07T13:02:24.666Z
https://healow.com/apps/provider/fasttrackurgentcare-riverview-931596,404 Page Not Found,2026-08-07T13:02:25.489Z
https://healow.com/apps/provider/fasttrackurgentcarecenter-westchase-288431,404 Page Not Found,2026-08-07T13:02:26.985Z
https://healow.com/apps/provider/fasttrackurgentcarecenter-wesleychapel-518020,404 Page Not Found,2026-08-07T13:02:27.833Z
https://healow.com/apps/provider/fasttrackurgentcare-brandon-1437463,404 Page Not Found,2026-08-07T13:02:29.057Z
https://healow.com/apps/provider/faryal-baloch-8208,404 Page Not Found,2026-08-07T13:02:29.172Z
https://healow.com/apps/provider/faiza-farooq-2649983,404 Page Not Found,2026-08-07T13:02:36.795Z
https://healow.com/apps/provider/erin-blau-3375136,404 Page Not Found,2026-08-07T13:03:18.509Z
https://healow.com/apps/provider/emilyn-wagner-2612632,404 Page Not Found,2026-08-07T13:04:09.958Z
https://healow.com/apps/provider/elminalanier-summerall-3654898/,404 Page Not Found,2026-08-07T13:04:26.345Z
https://healow.com/apps/provider/elizabeth-lott-3108386,404 Page Not Found,2026-08-07T13:04:40.173Z
https://healow.com/apps/provider/elise-wiesner-68174,404 Page Not Found,2026-08-07T13:04:53.861Z
https://healow.com/apps/provider/elisa-valenciasanchez-2668085,404 Page Not Found,2026-08-07T13:04:54.098Z
https://healow.com/apps/provider/edith-stanford-3801916,404 Page Not Found,2026-08-10T03:47:22.805Z
https://healow.com/apps/provider/dwaita-patel-2775016,404 Page Not Found,2026-08-10T03:47:32.476Z
https://healow.com/apps/provider/dustin-golding-473799,404 Page Not Found,2026-08-10T03:47:37.042Z
https://healow.com/apps/provider/dorcas-mwangi-2878834,404 Page Not Found,2026-08-10T03:48:04.571Z
https://healow.com/apps/provider/donta-hallmon-3156266,404 Page Not Found,2026-08-10T03:48:05.254Z
https://healow.com/apps/provider/diana-stevens-3134320,404 Page Not Found,2026-08-10T03:48:43.874Z
https://healow.com/apps/provider/diagnosticsllc-knox-3285731,404 Page Not Found,2026-08-10T03:48:51.902Z
https://healow.com/apps/provider/devon-green-3738065,404 Page Not Found,2026-08-10T03:48:58.898Z
https://healow.com/apps/provider/derron-dorlouis-2260398,404 Page Not Found,2026-08-10T03:49:07.809Z
https://healow.com/apps/provider/dennis-chaney-1480785,404 Page Not Found,2026-08-10T03:49:11.090Z
https://healow.com/apps/provider/demetrius-brown-3555778,404 Page Not Found,2026-08-10T03:49:17.281Z
https://healow.com/apps/provider/deborah-presken-1106611,404 Page Not Found,2026-08-10T03:49:32.481Z
https://healow.com/apps/provider/david-fries-2928910,404 Page Not Found,2026-08-10T03:50:24.177Z
https://healow.com/apps/provider/david-feinstein-1456450,404 Page Not Found,2026-08-10T03:50:26.552Z
https://healow.com/apps/provider/darron-molter-842180,404 Page Not Found,2026-08-10T03:50:44.752Z
https://healow.com/apps/provider/darrell-hopps-4074770,404 Page Not Found,2026-08-10T03:50:47.717Z
https://healow.com/apps/provider/daniela-ibarra-3630824,404 Page Not Found,2026-08-10T03:51:36.931Z
https://healow.com/apps/provider/courtney-shihabuddin-3549268,404 Page Not Found,2026-08-10T03:52:16.149Z
https://healow.com/apps/provider/corbin-ballam-3622025,404 Page Not Found,2026-08-10T03:52:23.799Z
https://healow.com/apps/provider/claire-kelly-1483317,404 Page Not Found,2026-08-10T03:52:57.546Z
https://healow.com/apps/provider/christine-macomber-3697493,404 Page Not Found,2026-08-10T03:53:41.087Z
https://healow.com/apps/provider/christina-baker-3752686%20,404 Page Not Found,2026-08-10T03:53:50.554Z
https://healow.com/apps/provider/chinyenum-otuya-2878526,404 Page Not Found,2026-08-10T03:54:06.457Z
https://healow.com/apps/provider/chassity-wilson-2815436,404 Page Not Found,2026-08-10T03:54:21.903Z
https://healow.com/apps/provider/-cfhopenaccess-2172207,404 Page Not Found,2026-08-10T03:54:48.136Z
https://healow.com/apps/provider/catherine-chapalamadugu-3298280,404 Page Not Found,2026-08-10T03:54:58.779Z
https://healow.com/apps/provider/cassandra-cavanaugh-3422177,404 Page Not Found,2026-08-10T03:55:01.107Z
https://healow.com/apps/provider/carlos-esparzamonzavi-3319650,404 Page Not Found,2026-08-10T03:55:31.013Z
https://healow.com/apps/provider/carlos-cordero-3441660,404 Page Not Found,2026-08-10T03:55:32.200Z
https://healow.com/apps/provider/carl-lauryssen-1317484,404 Page Not Found,2026-08-10T03:55:38.246Z
https://healow.com/apps/provider/carissa-walker-2963517,404 Page Not Found,2026-08-10T03:55:40.992Z
https://healow.com/apps/provider/caleb-youngblood-935495,404 Page Not Found,2026-08-10T03:55:52.558Z
https://healow.com/apps/provider/caila-plocharczyk-2936133,404 Page Not Found,2026-08-10T03:55:56.577Z
https://healow.com/apps/provider/bush-benjamin-2410192,404 Page Not Found,2026-08-10T03:55:59.746Z
https://healow.com/apps/provider/brian-feiock-2644224,404 Page Not Found,2026-08-10T03:56:37.246Z
https://healow.com/apps/provider/braden-peterson-2730105,404 Page Not Found,2026-08-10T03:57:26.824Z
https://healow.com/apps/provider/benjamin-wollett-2134256,404 Page Not Found,2026-08-10T03:58:02.002Z
https://healow.com/apps/provider/bayo-owens-2875464,404 Page Not Found,2026-08-10T03:58:17.850Z
https://healow.com/apps/provider/ayorinde-akinrinlola-3616510,404 Page Not Found,2026-08-10T03:58:38.818Z
https://healow.com/apps/provider/ashleigh-hotaling-1442216,404 Page Not Found,2026-08-10T03:59:23.181Z
https://healow.com/apps/provider/arif-wajid-2197515,404 Page Not Found,2026-08-10T03:59:47.025Z
https://healow.com/apps/provider/ariel-benor-3565378,404 Page Not Found,2026-08-10T03:59:53.687Z
https://healow.com/apps/provider/aquiles-alvarez-113276,404 Page Not Found,2026-08-10T04:00:00.445Z
https://healow.com/apps/provider/anthony-johnson-2454807,404 Page Not Found,2026-08-10T04:00:17.523Z
https://healow.com/apps/provider/angie-kutsch-106032,404 Page Not Found,2026-08-10T04:00:56.524Z
https://healow.com/apps/provider/andrew-dejong-1795618,404 Page Not Found,2026-08-10T04:01:36.495Z
https://healow.com/apps/provider/amita-kathuria-1902306,404 Page Not Found,2026-08-10T04:02:33.735Z
https://healow.com/apps/provider/amber-carriveau-2659865,404 Page Not Found,2026-08-10T04:02:46.350Z
https://healow.com/apps/provider/amanda-hunter-3124587,404 Page Not Found,2026-08-10T04:02:52.595Z
https://healow.com/apps/provider/amanda-balk-2720980,404 Page Not Found,2026-08-10T04:02:59.247Z
https://healow.com/apps/provider/allison-kuo-3418038,404 Page Not Found,2026-08-10T04:03:12.711Z
https://healow.com/apps/provider/allen-lazerson-1471845,404 Page Not Found,2026-08-10T04:03:14.930Z
https://healow.com/apps/provider/alison-licquia-2455145,404 Page Not Found,2026-08-10T04:03:20.147Z
https://healow.com/apps/provider/alison-collins-1317458,404 Page Not Found,2026-08-10T04:03:20.988Z
https://healow.com/apps/provider/alan-deangelo-2051335,404 Page Not Found,2026-08-10T04:04:15.846Z
https://healow.com/apps/provider/aimee-januska-1442283,404 Page Not Found,2026-08-10T04:04:35.531Z
https://healow.com/apps/provider/ahmed-elkoulily-911598,404 Page Not Found,2026-08-10T04:04:42.671Z
https://healow.com/apps/provider/ahmad-kaako-2401224,404 Page Not Found,2026-08-10T04:04:43.187Z
https://healow.com/apps/provider/agnes-asamah-3565366,404 Page Not Found,2026-08-10T04:04:49.343Z
https://healow.com/apps/provider/adryanna-ruiz-825143,404 Page Not Found,2026-08-10T04:04:53.647Z
https://healow.com/apps/provider/aaron-poole-2051794,404 Page Not Found,2026-08-10T04:05:38.230Z
https://healow.com/apps/provider,404 Page Not Found,2026-08-10T04:05:41.246Z
https://healow.com/apps/provider/,404 Page Not Found,2026-08-10T04:05:42.110Z
https://healow.com/apps/practice/YOUR_ID?zip=22191,404 Page Not Found,2026-08-10T04:05:52.769Z
https://healow.com/apps/practice/wd-clinic-service-providers-pa-spring-tx-14960%3Fv%3D1,404 Page Not Found,2026-08-10T04:06:26.682Z
https://healow.com/apps/practice/shoreline-orthopaedic-sports-medicine-clinicpl%E2%80%A6,404 Page Not Found,2026-08-10T04:09:32.549Z
https://healow.com/apps/practice/rocky-mountain-health-and-wellness-9587?v=1,404 Page Not Found,2026-08-10T04:10:09.551Z
https://healow.com/apps/practice/lasante-health-center-17350%3Fv%3D2%26t%3D1,404 Page Not Found,2026-08-10T04:16:17.417Z
https://healow.com/apps/practice/hudson-river-healthcare-inc-3157/,404 Page Not Found,2026-08-10T04:17:38.765Z
https://healow.com/apps/practice/henderson-womens-care-25671?v=2&t=1,404 Page Not Found,2026-08-10T04:18:05.281Z
https://healow.com/apps/practice/chinook-clinic-chinook-mt-12720,404 Page Not Found,2026-08-10T04:23:22.356Z
https://healow.com/apps/jsp/webview/signIn.jsp?encApu=o8AX07jod6wGV5R4,404 Page Not Found,2026-08-10T04:27:20.769Z
https://healow.com/apps/api,404 Page Not Found,2026-08-10T04:29:31.910Z
https://healow.com/app.htm,404 Page Not Found,2026-08-10T04:29:33.269Z
https://fhir4.healow.com/fhir/r4/FFBHAD,"page.goto: Download is starting
Call log:
[2m  - navigating to ""https://fhir4.healow.com/fhir/r4/FFBHAD"", waiting until ""domcontentloaded""[22m
",2026-08-10T04:29:59.363Z
https://drivewestus.healow.com/,"page.goto: net::ERR_ABORTED at https://drivewestus.healow.com/
Call log:
[2m  - navigating to ""https://drivewestus.healow.com/"", waiting until ""domcontentloaded""[22m
",2026-08-10T04:30:38.025Z
https://book.healow.com/,"page.goto: net::ERR_NAME_NOT_RESOLVED at https://book.healow.com/
Call log:
[2m  - navigating to ""https://book.healow.com/"", waiting until ""domcontentloaded""[22m
",2026-08-10T04:30:42.651Z
https://app.healow.com/apps/provider/siuhan-abate-3431427,404 Page Not Found,2026-08-10T04:30:45.168Z
http://health.healow.com/andoverpedi,404 Page Not Found,2026-08-10T04:31:13.867Z
http://healow.com/apps/provider/manpreet-sidhu-1311200,"page.goto: Timeout 35000ms exceeded.
Call log:
[2m  - navigating to ""http://healow.com/apps/provider/manpreet-sidhu-1311200"", waiting until ""domcontentloaded""[22m
",2026-08-10T04:32:59.828Z
http://healow.com/apps/practice/welbeck-adult-health-new-york-ny-27850?v=2&t=1,"page.goto: Timeout 35000ms exceeded.
Call log:
[2m  - navigating to ""http://healow.com/apps/practice/welbeck-adult-health-new-york-ny-27850?v=2&t=1"", waiting until ""domcontentloaded""[22m
",2026-08-10T04:33:02.464Z
http://healow.com/apps/practice/raiter-clinic-6629?v=2&locale=en,"page.goto: Timeout 35000ms exceeded.
Call log:
[2m  - navigating to ""http://healow.com/apps/practice/raiter-clinic-6629?v=2&locale=en"", waiting until ""domcontentloaded""[22m
",2026-08-10T04:33:03.519Z
http://healow.com/apps/practice/penguin-pediatrics-2499?v=2&t=1&s=J28rg7vj6vM9lOqa,"page.goto: Timeout 35000ms exceeded.
Call log:
[2m  - navigating to ""http://healow.com/apps/practice/penguin-pediatrics-2499?v=2&t=1&s=J28rg7vj6vM9lOqa"", waiting until ""domcontentloaded""[22m
",2026-08-10T04:33:05.295Z
http://healow.com/apps/practice/lg-southern-gastrenterology-specialist-locust-grove-ga-16872,"page.goto: Timeout 35000ms exceeded.
Call log:
[2m  - navigating to ""http://healow.com/apps/practice/lg-southern-gastrenterology-specialist-locust-grove-ga-16872"", waiting until ""domcontentloaded""[22m
",2026-08-10T04:33:06.442Z
http://healow.com/apps/practice/hawaiiinjuryrecoverycenter-22492?v=1,"page.goto: Timeout 35000ms exceeded.
Call log:
[2m  - navigating to ""http://healow.com/apps/practice/hawaiiinjuryrecoverycenter-22492?v=1"", waiting until ""domcontentloaded""[22m
",2026-08-10T04:34:49.535Z
http://healow.com/apps/practice/david-j-novelli-md-family-practice-12995?v=2&t=1,"page.goto: Timeout 35000ms exceeded.
Call log:
[2m  - navigating to ""http://healow.com/apps/practice/david-j-novelli-md-family-practice-12995?v=2&t=1"", waiting until ""domcontentloaded""[22m
",2026-08-10T04:34:52.121Z
http://healow.com/apps/practice/anley-cardiovascular-pllc-26361?v=2&t=1,"page.goto: Timeout 35000ms exceeded.
Call log:
[2m  - navigating to ""http://healow.com/apps/practice/anley-cardiovascular-pllc-26361?v=2&t=1"", waiting until ""domcontentloaded""[22m
",2026-08-10T04:34:53.174Z
